SIS,STEFANINI IT SOLUTIO,SWISSCOM IT SERVICES
CPI,*** NO MATCH ***
AGL,*** NO MATCH ***
CPM,CALIFORNIA PACIFIC M,CSC PEAT MARWICK
CPA,CATHAY PACIFIC AIRWA
JWT,J WALTER THOMPSON,J WALTER THOMPSON
EON,*** NO MATCH ***
NYU,NEW YORK UNIVERSITY
CS,CRAMER SYSTEMS,CONCERTO SOFTWARE,CRITICAL SOFTWARE,CIVIL SERVICE,CREDIT SUISSE,CORPORATE SOFTWARE,COMPONENT SOFTWARE,COMARCH SA,CABLEVISION SYSTEMS,CREDIT SUISSE,COLUMBIA SPORTSWEAR,CROSSBEAM SYSTEMS,CAMPBELL SOUP,COMPUTERLAND SA,COMPUTERLAND SA,COMMVAULT SYSTEMS,CINCOM SYSTEMS,CISCO SYSTEMS,CENTRA SOFTWARE,COMARCH SA,CREDENCE SYSTEMS,COMPUCOM SYSTEMS,CPM SA,COMARCH SA,CREDIT SUISSE,CISCO SYSTEMS,CHARTERED SEMICONDUC,COMCAST SPOTLIGHT,CHORDIANT SOFTWARE,CISCO SYSTEM,CALLIDUS SOFTWARE,CISCO SYSTEMS,CP SHIPS,CONEXANT SYSTEMS,CSG SYSTEMS,CABLETRON SYSTEMS,CITRIX SYSTEMS,CADBURY SCHWEPPES,CYPRESS SEMICONDUCTO,CHARLES SCHWAB,CREDIT SUISSE,CISCO SYSTEMS
SIA,*** NO MATCH ***
SIG,*** NO MATCH ***
SII,SHELL IT INTERNATION,SAS INSTITUTE INC,SRA INTERNATIONAL I
CPS,CHASE PAYMENTECH SOL,CHICAGO PUBLIC SCHOO,CHECK POINT SOFTWARE
AGS,AT&T GOVERNMENT SOLU
TAS,*** NO MATCH ***
SPS,*** NO MATCH ***
SPI,SONY PICTURES IMAGEW
SPL,SENSIS PTY LTD
TAC,THE AEROSPACE CORPOR
CES,*** NO MATCH ***
UAB,UNIVERSITY AT BUFFAL
ICI,*** NO MATCH ***
FIS,*** NO MATCH ***
GS,GUIDANCE SOFTWARE,GOODBY SILVERSTEIN,GLAXO SMITHKLINE,GLOBAL SOURCES,G&K SERVICES,GRUPO SANTANDER,GILEAD SCIENCES,GOLDMAN SACHS,GE SECURITY,GOLDMAN SACHS
IXL,*** NO MATCH ***
SBS,SCALA BUSINESS SOLUT,SIEMENS BUSINESS SER
BYU,BRIGHAM YOUNG UNIVER
GE,GAYLORD ENTERTAINMEN,GRADIENTE ELETRONICA,GENERAL ELECTRIC,GLENAYRE ELECTRONICS,GE ENERGY,GENERAL ELECTRIC
LHS,*** NO MATCH ***
WRQ,*** NO MATCH ***
GM,GLU MOBILE,GENESIS MICROCHIP,GRUNDFOS MANAGEMENT,GREENPOINT MORTGAGE,GENERAL MAGIC,GMR MARKETING,GMAC MORTGAGE,GE MONEY,GENERAL MILLS,GENERAL MOTORS
RIM,RESEARCH IN MOTION,RESEARCH IN MOTION
MAS,MARKS AND SPENCER
AES,ADECCO EMPLOYMENT SE
XYZ,*** NO MATCH ***
SNT,*** NO MATCH ***
DTI,*** NO MATCH ***
UOP,UNIVERSITY OF PRETOR,UNIVERSITY OF PITTSB,UNIVERSITY OF PENNSY,UNIVERSITY OF PHOENI
DTO,*** NO MATCH ***
CMI,*** NO MATCH ***
TSI,TIBCO SOFTWARE INC,TIBCO SOFTWARE INC,T SYSTEMS INTERNATIO
CMG,CUNA MUTUAL GROUP,CARLSON MARKETING GR
TSG,THE STRUCTURE GROUP,THE SIEGFRIED GROUP
CME,CHICAGO MERCANTILE E
BEA,*** NO MATCH ***
CMC,CHILDREN'S MEDICAL C
TSC,THE STAUBACH COMPANY,THE SCOTTS COMPANY
CMA,*** NO MATCH ***
TSA,TDC SERVICES AS,TDC SWITZERLAND AG,THE SALVATION ARMY,THE SPORTS AUTHORITY
UOB,UNIVERSITY OF BATH,UNIVERSITY OF BOLOGN,UNIVERSITY OF BIRMIN,UNITED OVERSEAS BANK,UNIVERSITY OF BRISTO,UNIVERSITY OF BERGEN,UNIVERSITY OF BRITIS
3I,3I INFOTECH
PCI,*** NO MATCH ***
ISI,*** NO MATCH ***
3M,*** NO MATCH ***
BES,BANCO ESPIRITO SANTO
CMS,*** NO MATCH ***
DTU,*** NO MATCH ***
CMP,*** NO MATCH ***
CNN,*** NO MATCH ***
PBS,PKO BP SA
LMI,LOCKHEED MARTIN INFO,LIBERTY MUTUAL INSUR
KBC,*** NO MATCH ***
LSI,*** NO MATCH ***
TTI,*** NO MATCH ***
ENI,*** NO MATCH ***
TTC,THE TIMKEN COMPANY,THE THOMSON CORPORAT
IGT,INTERNATIONAL GAME T
EA,ERICSSON AS,EUROP ASSISTANCE,ELIZABETH ARDEN,ENVIRONMENT AGENCY,EMIRATES AIRLINES,EMIRATES AIRLINE,EADS ASTRIUM,ERGOGROUP AS,EDITORA ABRIL,ERICSSON AUSTRALIA,EDS AUSTRALIA,ERICSSON AB,ELECTRONIC ARTS
DST,*** NO MATCH ***
AGF,*** NO MATCH ***
CTG,COMPUTER TASK GROUP
HCA,*** NO MATCH ***
CSC,CREDENCE SYSTEMS COR,CIBA SPECIALTY CHEMI,CAMPBELL SOUP COMPAN,COMPUTER SCIENCE COR,COMPUTER SCIENCES CO
DSI,*** NO MATCH ***
DSB,*** NO MATCH ***
DSC,*** NO MATCH ***
KPN,*** NO MATCH ***
UHG,UNITED HEALTH GROUP
CBA,*** NO MATCH ***
UHC,UNITED HEALTH CARE
ML,MORGAN LEWIS,MERRIL LYNCH,MCGUIREWOODS LLP,MINTZ LEVIN,MERRILL LYNCH,MASTEK LTD,MICROSOFT LTD,MARS LLC,MAERSK LOGISTICS,MERRILL LYNCH,MAERSK LINE,MERRILL LYNCH
CBI,*** NO MATCH ***
INS,INTERNAP NETWORK SER
CBS,CDI BUSINESS SOLUTIO,CANON BUSINESS SOLUT,COLUMBIA BUSINESS SC
ATP,*** NO MATCH ***
HLL,HINDUSTAN LEVER LIMI
MS,MITRETEK SYSTEMS,MOTOROLA SPS,MOBIFON SA,MOORE STEPHENS,MANAGEMENT SOLUTIONS,MANNHEIMER SWARTLING,MDS SCIEX,MONERIS SOLUTIONS,MITTAL STEEL,M&C SAATCHI,MSC SOFTWARE,MONTAVISTA SOFTWARE,MONTGOMERY SECURITIE,METEOR STUDIOS,MCI SYSTEMHOUSE,METASOLV SOFTWARE,M SYSTEMS,MAERSK SEALAND,MOTOROLA SEMICONDUCT,MORGAN STANLEY,MRO SOFTWARE,MARVELL SEMICONDUCTO,MORGAN STANLEY
TJX,*** NO MATCH ***
ING,*** NO MATCH ***
CTP,*** NO MATCH ***
CTS,*** NO MATCH ***
S3,*** NO MATCH ***
SMU,SOUTHERN METHODIST U
SMS,SIEMENS MEDICAL SYST,SHARED MEDICAL SYSTE,SIEMENS MEDICAL SOLU
DOD,DEPT OF DEFENSE,DEPARTMENT OF DEFENC,DEPARTMENT OF DEFENS
C&A,COLLINS & AIKMAN
REI,REAL ESTATE INVESTME
SMI,SUN MICROSYSTEMS IND,SUN MICROSYSTEMS ITA,SUN MICROSYSTEMS INC,SUN MICROSYSTEMS IN
CTC,CANADIAN TIRE CORPOR
SMG,SUN MICROSYSTEMS GMB
C&W,CABLE & WIRELESS,COHN & WOLFE,CALLATAY & WOUTERS,CUSHMAN & WAKEFIELD,CABLE & WIRELESS
SMC,SWEDISH MEDICAL CENT,SIEMENS MANAGEMENT C
DOW,*** NO MATCH ***
MDI,*** NO MATCH ***
SHL,*** NO MATCH ***
WHO,WORLD HEALTH ORGANIZ
VNU,*** NO MATCH ***
FCB,FIRST CITIZENS BANK
FCC,*** NO MATCH ***
BSH,BDO STOY HAYWARD
BSI,BEA SYSTEMS INC,BEA SYSTEMS INC,BENTLEY SYSTEMS INC,BEA SYSTEMS INC,BMC SOFTWARE INC,BEA SYSTEMS INC
FCG,FIRST CONSULTING GRO
MDS,MAY DEPARTMENT STORE
BSG,*** NO MATCH ***
BSB,BANCO SANTANDER BRAS,BANCO SANTANDER BANE,BRITISH SKY BROADCAS
BSC,BOSTON SCIENTIFIC CO,BORLAND SOFTWARE COR
FMV,*** NO MATCH ***
LTX,*** NO MATCH ***
DFS,DELL FINANCIAL SERVI,DISCOVER FINANCIAL S
FMC,FORD MOTOR CO,FORD MOTOR CO,FRESENIUS MEDICAL CA,FORD MOTOR COMPANY
EDB,EDS DO BRASIL
EDC,EXPORT DEVELOPMENT C
EDF,ELECTRICITE DE FRANC
F5,*** NO MATCH ***
NTT,*** NO MATCH ***
ST,SINGAPORE TELECOMMUN,SHAVLIK TECHNOLOGIES,SHELL TRADING,SIEMENS TRANSPORTATI,SOLAR TURBINES,STA TRAVEL,SEAGATE TECHNOLOGIES,STEWART TITLE,STORAGE TECHNOLOGY,STAR TRIBUNE,STONEBRIDGE TECHNOLO,SECURUS TECHNOLOGIES,SAVAJE TECHNOLOGIES,SCHLUMBERGER TECHNOL,STRATEGIC TECHNOLOGI,SYNIVERSE TECHNOLOGI,SAVI TECHNOLOGY,SR TELECOM,SOFTWARE TECHNOLOGY,SEER TECHNOLOGIES,SAMSUNG TELECOMMUNIC,SYMBOL TECHNOLOGIES,STRATUS TECHNOLOGIES,SAPPHIRE TECHNOLOGIE,SEAGATE TECHNOLOGY,SYMBOL TECHNOLOGIES
SBC,SWISS BANK CORPORATI
EDP,*** NO MATCH ***
ERG,*** NO MATCH ***
MMI,*** NO MATCH ***
NTL,NIIT TECHNOLOGIES LT
SBI,SUNTRUST BANKS INC
MMA,*** NO MATCH ***
MMC,MONTEFIORE MEDICAL C,MAGNUS MANAGEMENT CO,MERCER MANAGEMENT CO
BAT,BRITISH AMERICAN TOB
IBM,*** NO MATCH ***
CAS,*** NO MATCH ***
IBA,*** NO MATCH ***
IBC,INDEPENDENCE BLUE CR,IBM BUSINESS CONSULT
L&T,*** NO MATCH ***
CAI,CREDIT AGRICOLE INDO
BAE,*** NO MATCH ***
BAA,*** NO MATCH ***
ERM,*** NO MATCH ***
MPI,MAX PLANCK INSTITUTE,MICHAEL PAGE INTERNA
IBT,*** NO MATCH ***
AIG,*** NO MATCH ***
BAH,BOOZ ALLEN HAMILTON
IIT,*** NO MATCH ***
IBS,IESE BUSINESS SCHOOL
ONO,*** NO MATCH ***
IIR,*** NO MATCH ***
TF1,*** NO MATCH ***
LM,LONDON METROPOLITAN,LEROY MERLIN,LOCKHEED MARTIN,LOCKHEED MARTIN,LITTLER MENDELSON,LEGG MASON,LIBERTY MUTUAL,LOCKHEED MARTIN
CAE,*** NO MATCH ***
NHS,NATIONAL HEALTH SERV
ABB,*** NO MATCH ***
IAF,*** NO MATCH ***
LG,LOCAL GOVERNMENT,LEICA GEOSYSTEMS,LEGO GROUP,LANDMARK GRAPHICS,LUCAS GROUP
ABI,ANHEUSER BUSCH INC
STI,*** NO MATCH ***
ABN,*** NO MATCH ***
ABP,*** NO MATCH ***
EMI,*** NO MATCH ***
ABS,AT&T BUSINESS SERVIC,ACCENTURE BUSINESS S,ALCATEL BUSINESS SYS
KTH,*** NO MATCH ***
THQ,*** NO MATCH ***
STS,*** NO MATCH ***
WCI,*** NO MATCH ***
RSI,RSA SECURITY INC
SSA,SYSTEM SOFTWARE ASSO,SOCIAL SECURITY ADMI
NCR,*** NO MATCH ***
NCS,NATIONAL COMPUTER SY,NORTH CAROLINA STATE
RSA,*** NO MATCH ***
NCH,NOVARTIS CONSUMER HE
NCI,NEC COMPUTERS INTERN,NATIONAL CANCER INST
NSA,NEC SOLUTIONS AMERIC,NATIONAL SECURITY AG
BHP,*** NO MATCH ***
PNC,*** NO MATCH ***
NCC,NATIONAL CITY CORPOR
CFS,COLLEGIATE FUNDING S,CITCO FUND SERVICES,CENTER FOR STRATEGIC,COLONIAL FIRST STATE,COMPUTER FUTURES SOL
CIC,*** NO MATCH ***
uname,*** NO MATCH ***
FNB,FIRST NATIONAL BANK
EGL,EAGLE GLOBAL LOGISTI
EGG,*** NO MATCH ***
MIT,*** NO MATCH ***
RAF,ROYAL AIR FORCE
RAD,*** NO MATCH ***
ACE,*** NO MATCH ***
PRC,*** NO MATCH ***
AON,*** NO MATCH ***
AOL,*** NO MATCH ***
SAS,SABRE AIRLINE SOLUTI,SKADDEN ARPS SLATE
SAP,SANOFI AVENTIS PHARM,STANDARD AND POOR'S
IDT,INTEGRATED DEVICE TE
TPG,THE PARTHENON GROUP
E&Y,ERNST & YOUNG,ERNST & YOUNG,ERNST & YOUNG
TPI,TETRA PAK INTERNATIO
ACN,*** NO MATCH ***
TPS,THE PENNSYLVANIA STA
MRI,*** NO MATCH ***
URS,*** NO MATCH ***
ATI,ASPEN TECHNOLOGY IN,AVID TECHNOLOGY INC,ATI TECHNOLOGIES INC
IPC,*** NO MATCH ***
IPA,*** NO MATCH ***
DBM,*** NO MATCH ***
DBA,DEUTSCHE BAHN AG,DANSKE BANK AS,DRESDNER BANK AG,DEUTSCHE BANK AG
APS,*** NO MATCH ***
APV,*** NO MATCH ***
APW,*** NO MATCH ***
RHI,RED HAT INC,ROBERT HALF INTERNAT
IPS,*** NO MATCH ***
API,AVON PRODUCTS INC
IPT,*** NO MATCH ***
IHS,*** NO MATCH ***
KAZ,*** NO MATCH ***
DBS,DEUTSCHE BANK SECURI,DAUGHERTY BUSINESS S
D&B,DUN & BRADSTREET
WFI,WELLS FARGO INVESTME
HDS,HITACHI DATA SYSTEMS
JBA,*** NO MATCH ***
NGC,NETWORK GENERAL CORP,NORTHROP GRUMMAN COR
NGO,*** NO MATCH ***
OCE,*** NO MATCH ***
IFF,*** NO MATCH ***
ABC,ADVISORY BOARD COMPA,ANDERSEN BUSINESS CO
IFC,*** NO MATCH ***
RTE,*** NO MATCH ***
BMC,BOSTON MEDICAL CENTE
CEC,CAREER EDUCATION COR
BMG,*** NO MATCH ***
CEA,*** NO MATCH ***
CEO,*** NO MATCH ***
BMI,BATTELLE MEMORIAL IN
RTI,*** NO MATCH ***
BMO,*** NO MATCH ***
CEI,*** NO MATCH ***
BMS,BLUE MARTINI SOFTWAR,BRISTOL MYERS SQUIBB,BRISTOL MYERS SQUIBB
PKF,*** NO MATCH ***
BMW,*** NO MATCH ***
NLG,*** NO MATCH ***
STM,*** NO MATCH ***
UGS,*** NO MATCH ***
HMC,HOMEBANC MORTGAGE CO,HORN MURDOCK COLE,HOUGHTON MIFFLIN COM
CSM,CEDARS SINAI MEDICAL
CSN,*** NO MATCH ***
CSI,CONTROL SOLUTIONS IN,COMPUCOM SYSTEMS IN,CONEXANT SYSTEMS INC,CONEXANT SYSTEMS IN,CITRIX SYSTEMS INC,CISCO SYSTEMS INC,CISCO SYSTEMS INC,CISCO SYSTEMS INC,CISCO SYSTEMS INC
J&J,JOHNSON & JOHNSON
GCI,GE CAPITAL INTERNATI
DLJ,*** NO MATCH ***
CSG,CREDIT SUISSE GROUP
EF,ETRADE FINANCIAL,ETRADE FINANCIAL,ETRADE FINANCIAL
CSA,CADBURY SCHWEPPES AM,CREDIT SUISSE ASSET,CALIFORNIA STATE AUT
EC,ELAN COMPUTING,EXXONMOBIL CORPORATI,EATON CORP,ERICSSON COMMUNICATI,EDS CORPORATION,EMERSON COLLEGE,EFUNDS CORPORATION,ENERGIS COMMUNICATIO,EASTMAN CHEMICAL,EXELON CORPORATION,EGAIN COMMUNICATIONS,ENVIRONMENT CANADA,EUROPEAN COMMISSION,EMC CORP,EXCEL COMMUNICATIONS,EXXONMOBIL CHEMICAL,ECLIPSYS CORPORATION,EDS CANADA,ERICSSON CANADA,EMC CORP,EXODUS COMMUNICATION,EATON CORPORATION,EMC CORPORATION,EUROPEAN COMMISSION
JTI,*** NO MATCH ***
CSX,*** NO MATCH ***
AFP,*** NO MATCH ***
CSS,CITADEL SECURITY SOF
CSR,*** NO MATCH ***
PTC,POLSKA TELEFONIA CYF
IRI,*** NO MATCH ***
SST,*** NO MATCH ***
TBS,THE BODY SHOP
MGH,*** NO MATCH ***
EDS,EEYE DIGITAL SECURIT,ELECTRONIC DATA SYST
MGM,*** NO MATCH ***
BTG,BYTES TECHNOLOGY GRO
CDI,*** NO MATCH ***
SSI,STATENS SERUM INSTIT,SIEBEL SYSTEMS INC,SIEBEL SYSTEMS INC,SIEBEL SYSTEMS INC,SIEBEL SYSTEMS INC
BTC,BANKERS TRUST COMPAN
TBA,*** NO MATCH ***
BTI,*** NO MATCH ***
TBD,*** NO MATCH ***
SSC,SMURFIT STONE CONTAI,STATE STREET CORP,STATE STREET CORPORA
ATG,ART TECHNOLOGY GROUP
ATC,AUSTRALIAN TRADE COM
DSM,*** NO MATCH ***
ISS,INTERNET SECURITY SY
ISP,*** NO MATCH ***
ATK,A T KEARNEY
IST,INSTITUTO SUPERIOR T
ATT,*** NO MATCH ***
ISO,*** NO MATCH ***
ATS,*** NO MATCH ***
ISM,*** NO MATCH ***
ISC,IDX SYSTEMS CORPORAT
ISA,IDS SCHEER AG,IBM SVENSKA AB
ISG,IBM SOFTWARE GROUP
RMS,ROCHE MOLECULAR SYST,RAYTHEON MISSILE SYS,RISK MANAGEMENT SOLU
DGA,*** NO MATCH ***
ECC,EASTMAN CHEMICAL COM
ASU,ARIZONA STATE UNIVER
AST,APPLIED SIGNAL TECHN
WPP,*** NO MATCH ***
NUS,NEC UNIFIED SOLUTION
ECI,*** NO MATCH ***
ASC,*** NO MATCH ***
ASB,ALCATEL SHANGHAI BEL
ECT,*** NO MATCH ***
SEC,SCORE EDUCATIONAL C,SIEMENS ENTERPRISE C
SEB,*** NO MATCH ***
ASE,AMERICAN STOCK EXCHA
ASD,*** NO MATCH ***
ASK,*** NO MATCH ***
ECS,EMC COMPUTER SYSTEMS
ASI,APEX SYSTEMS INC,APEX SYSTEMS INC,ADOBE SYSTEMS INC,ADVENT SOFTWARE INC,ADOBE SYSTEMS INC,ADOBE SYSTEMS INCORP,ADOBE SYSTEMS INC,ADOBE SYSTEMS INC
SEI,SONY ELECTRONICS IN,SONY ELECTRONICS INC
IMA,*** NO MATCH ***
BBN,*** NO MATCH ***
IMC,IG&H MANAGEMENT CONS
IMD,*** NO MATCH ***
IMG,*** NO MATCH ***
BBH,BROWN BROTHERS HARRI
IMI,*** NO MATCH ***
GTI,*** NO MATCH ***
PDS,PSI DATA SYSTEMS,PILLAR DATA SYSTEMS
IMP,*** NO MATCH ***
IMS,*** NO MATCH ***
GTS,*** NO MATCH ***
VTT,*** NO MATCH ***
Y&R,YOUNG & RUBICAM
GTZ,*** NO MATCH ***
3DO,*** NO MATCH ***
BBS,BANK BPH SA,BRE BANK SA
NBA,NEW BALANCE ATHLETIC
ITN,*** NO MATCH ***
ITL,INFOSYS TECH LTD
SCA,SCANIA CV AB
ITI,INTEL TECHNOLOGY IND,I2 TECHNOLOGIES INC,ITT TECHNICAL INSTIT
ITG,*** NO MATCH ***
HVB,*** NO MATCH ***
VMC,VA MEDICAL CENTER
TUI,*** NO MATCH ***
B&Q,*** NO MATCH ***
DMS,DELUXE MEDIA SERVICE
EY,*** NO MATCH ***
ITV,*** NO MATCH ***
ITT,*** NO MATCH ***
ITU,*** NO MATCH ***
ITS,INTEC TELECOM SYSTEM
ITP,*** NO MATCH ***
AAA,*** NO MATCH ***
EMS,ERICSSON MICROWAVE S
BPI,*** NO MATCH ***
DB,DEUTSCHE BANK,DE BEERS,DADE BEHRING,DANISH BROADCASTING,DEXIA BANK,DBS BANK,DEUTSCHE BANK,DRESDNER BANK,DANSKE BANK,DEUTSCHE BANK
ADT,*** NO MATCH ***
DR,DARDEN RESTAURANTS,DISNEYLAND RESORT,DATA RETURN,DANMARKS RADIO,DIGITAL RIVER
GTE,*** NO MATCH ***
UCS,UNIVERSAL COMPUTER S
IMF,*** NO MATCH ***
BIC,*** NO MATCH ***
RPA,ROCHE PALO ALTO
UCB,*** NO MATCH ***
UOL,UNIVERSITY OF LIVERP,UNIVERSITY OF LJUBLJ,UNIVERSITY OF LAUSAN,UNIVERSITY OF LONDON,UNIVERSITY OF LIEGE,UNIVERSITY OF LEEDS,UNIVERSITY OF LOUISV
BIS,BANCO ITAU SA,BULL INFORMATION SYS,BANCO ITAU SA,BRIDGE INFORMATION S
UCI,*** NO MATCH ***
MLC,MERRILL LYNCH CAPITA
DHL,*** NO MATCH ***
BBC,BEST BUY CANADA
EBS,*** NO MATCH ***
RBS,ROLAND BERGER STRATE
CWI,*** NO MATCH ***
RBI,REED BUSINESS INFORM
H&M,*** NO MATCH ***
DHV,*** NO MATCH ***
DHS,*** NO MATCH ***
NRK,*** NO MATCH ***
JPM,J P MORGAN
JPL,JET PROPULSION LABOR
MCI,*** NO MATCH ***
MCC,*** NO MATCH ***
GFT,*** NO MATCH ***
ARM,*** NO MATCH ***
GFK,*** NO MATCH ***
GFI,*** NO MATCH ***
MCS,MCMASTER CARR SUPPLY,MERCURY COMPUTER SYS
QVC,*** NO MATCH ***
BD,BAYER DIAGNOSTICS,BBDO DETROIT,BUSINESS DEVELOPMENT,BECTON DICKINSON
PDI,*** NO MATCH ***
QAS,*** NO MATCH ***
BGI,BARCLAYS GLOBAL INVE
AMP,ALCATEL MOBILE PHONE
HBO,HOME BOX OFFICE
QAD,*** NO MATCH ***
AXA,*** NO MATCH ***
BEC,*** NO MATCH ***
DDB,DAIMLERCHRYSLER DO B
DCN,*** NO MATCH ***
DCI,*** NO MATCH ***
RIT,RCG INFORMATION TECH
HSN,HOME SHOPPING NETWOR
DCA,DOLMEN COMPUTER APPL
RIL,RYDER INTEGRATED LOG,RELIANCE INFOCOMM LT
MFS,*** NO MATCH ***
DCX,*** NO MATCH ***
DCS,*** NO MATCH ***
IAI,*** NO MATCH ***
IAG,*** NO MATCH ***
BNP,*** NO MATCH ***
VML,*** NO MATCH ***
IAC,*** NO MATCH ***
KBR,*** NO MATCH ***
BNI,*** NO MATCH ***
123,*** NO MATCH ***
BNL,*** NO MATCH ***
GPT,*** NO MATCH ***
BT,BUSINESS TECHNOLOGY,BLACKSTONE TECHNOLOG,BBC TECHNOLOGY,BRAINVISA TECHNOLOGI,BOSCH TELECOM,BAKER TILLY,BCD TRAVEL,BROOKTROUT TECHNOLOG,BHARTI TELEVENTURES,BERLINGSKE TIDENDE,BALTIMORE TECHNOLOGI,BOUYGUES TELECOM,BBN TECHNOLOGIES,BOTTOMLINE TECHNOLOG,BELLSOUTH TELECOMMUN,BIRCH TELECOM,BRITISH TELECOMMUNIC,BRASIL TELECOM,BANKERS TRUST,BOMBARDIER TRANSPORT,BOUYGUES TELECOM,BRITISH TELECOM
NIH,*** NO MATCH ***
TIM,TELECOM ITALIA MOBIL
NIC,*** NO MATCH ***
OMD,*** NO MATCH ***
IHC,*** NO MATCH ***
YES,*** NO MATCH ***
YER,*** NO MATCH ***
IHG,*** NO MATCH ***
FDA,*** NO MATCH ***
AEP,AMERICAN ELECTRIC PO
FDC,FIRST DATA CORP,FIRST DATA CORPORATI
DMC,*** NO MATCH ***
EMC,EXXON MOBIL CORPORAT,ERICSSON MOBILE COMM
SKY,*** NO MATCH ***
ITC,*** NO MATCH ***
GSI,GOLDMAN SACHS INTERN
DMR,*** NO MATCH ***
CRA,CHARLES RIVER ASSOCI,CANADA REVENUE AGENC
AEG,*** NO MATCH ***
CRI,*** NO MATCH ***
GSK,GLAXO SMITH KLINE
MFA,*** NO MATCH ***
PT,PERFORMANCE TECHNOLO,PANNAWAY TECHNOLOGIE,PYRAMID TECHNOLOGY,POLISH TELECOM,PHILIPS TASS,PSION TEKLOGIX,POWERWAVE TECHNOLOGI,PRIORITY TELECOM,PRIMUS TELECOMMUNICA,PORTUGAL TELECOM,PHOENIX TECHNOLOGIES,PLATINUM TECHNOLOGY,PARAMETRIC TECHNOLOG
TCS,TATA CONSULTANCY SER,TATA CONSULTANCY SER,TATA CONSULTANCY SER
WNS,*** NO MATCH ***
KP,KOMPANIA PIWOWARSKA,KING PHARMACEUTICALS,KATZENBACH PARTNERS,KFORCE PROFESSIONAL,KAISER PERMANENTE
CCC,COMCAST CABLE COMMUN,COLUMBIA COLLEGE CHI,COCA COLA COMPANY,CLEAR CHANNEL COMMUN,COMPAQ COMPUTER CORP
TCI,*** NO MATCH ***
TCG,THE CORCORAN GROUP,THE CAPITAL GROUP,THE CREATIVE GROUP,THE CARLYLE GROUP,THE COBALT GROUP
YKB,*** NO MATCH ***
DTZ,*** NO MATCH ***
FOX,*** NO MATCH ***
EFI,ELECTRONICS FOR IMAG,ELECTRONICS FOR IMAG
DDI,*** NO MATCH ***
XRT,*** NO MATCH ***
RAC,*** NO MATCH ***
OMX,*** NO MATCH ***
PSC,PROGRESS SOFTWARE CO,PEROT SYSTEMS CORPOR
PSA,*** NO MATCH ***
WWF,*** NO MATCH ***
LCC,LYONDELL CHEMICAL CO
BP,BANCO POPULAR,BT PLC,BAYER PHARMACEUTICAL,BP PLC,BT PLC,BLACKWELL PUBLISHING,BNP PARIBAS,BRITISH PETROLEUM,BT PLC,BEARING POINT,BNP PARIBAS,BNP PARIBAS
ANZ,AIR NEW ZEALAND
MOD,MINISTRY OF DEFENSE,MARCH OF DIMES,MINISTRY OF DEFENCE
TMP,*** NO MATCH ***
FSA,FINANCIAL SERVICES A
KMD,*** NO MATCH ***
VUB,VRIJE UNIVERSITEIT B
ILM,INDUSTRIAL LIGHT M
BCA,BOEING COMMERCIAL AI
BCC,BRISBANE CITY COUNCI
TMC,TOYOTA MOTOR CORPORA,THE MITRE CORPORATIO
BCX,*** NO MATCH ***
UMC,UCLA MEDICAL CENTER,UCSF MEDICAL CENTER,UNIVERSITY MEDICAL C,US MARINE CORPS,US MARINE CORPS
TMG,*** NO MATCH ***
TMI,THE MATHWORKS INC,T MOBILE INTERNATION
BCV,*** NO MATCH ***
ETI,*** NO MATCH ***
BCP,*** NO MATCH ***
A2M,*** NO MATCH ***
TMN,T MOBILE NETHERLANDS
BCS,BLUE COAT SYSTEMS
VRT,*** NO MATCH ***
HCL,*** NO MATCH ***
TVA,TENNESSEE VALLEY AUT
SRC,STANDARD REGISTER CO,SWISS REINSURANCE CO
SRA,*** NO MATCH ***
CN,CARTOON NETWORK,COMSCORE NETWORKS,CASPIAN NETWORKS,CBS NEWS,CAPGEMINI NEDERLAND,CITIBANK NA,CONDE NAST,CITIBANK NA,CITIBANK NA,CNET NETWORKS
CBC,COLDWELL BANKER COMM,COORS BREWING COMPAN
ZTE,*** NO MATCH ***
CA,CYBERCITY AS,COMPUTAS AS,CONTINENTAL AG,COPENHAGEN AIRPORTS,CONNECTA AB,COMPUTER ASSOCIATES,COWI AS,CURRENT ANALYSIS,CSC AUSTRALIA,CADBURY ADAMS,COMPUTER ASSOCIATES,CREDIT AGRICOLE,CAMBRIDGE ASSOCIATES,COMMERZBANK AG,COLOPLAST AS,CONTINENTAL AIRLINES,CGI AMS,COMPUTER ASSOCIATES
SRI,SOUTHWEST RESEARCH I
PSI,PRIMAVERA SYSTEMS I
HEB,*** NO MATCH ***
HEC,*** NO MATCH ***
PCS,PATNI COMPUTER SYSTE
NDS,*** NO MATCH ***
CP,CRESA PARTNERS,CHASE PAYMENTECH,CENTRICA PLC,CVS PHARMACY,CANADA POST,COMPUTER PEOPLE,CRITICAL PATH,CHECK POINT,COLGATE PALMOLIVE,COLGATE PALMOLIVE
CDC,CONTROL DATA CORPORA
TDC,TWO DEGREES CONSULTI,TECH DATA CORPORATIO
CDM,*** NO MATCH ***
TDF,*** NO MATCH ***
CDW,*** NO MATCH ***
CDS,CIRQUE DU SOLEIL,CADENCE DESIGN SYSTE
TDS,TORONTO DISTRICT SCH
WSI,WALL STREET INSTITUT,WILLIAMS SONOMA INC
AIT,*** NO MATCH ***
SG,STATE GOVERNMENT,SCHIPHOL GROUP,SCIENTIFIC GAMES,SOCIETE GENERALE,SAINT GOBAIN,SOCIETE GENERALE,SAINT GOBAIN,SOPRA GROUP,SEMA GROUP,SSA GLOBAL,SILICON GRAPHICS,SOCIETE GENERALE
CIT,*** NO MATCH ***
CVS,*** NO MATCH ***
AIS,ALLTEL INFORMATION S
AIM,AXA INVESTMENT MANAG
RCN,*** NO MATCH ***
MKS,*** NO MATCH ***
RCI,*** NO MATCH ***
NEC,NERA ECONOMIC CONSUL
AIA,*** NO MATCH ***
RCA,*** NO MATCH ***
AIC,ALLSTATE INSURANCE C
AIB,*** NO MATCH ***
NSI,NOVELLUS SYSTEMS IN
OWN,*** NO MATCH ***
PPG,*** NO MATCH ***
STC,SAVE THE CHILDREN,STORAGE TECHNOLOGY C,SWEDISH TRADE COUNCI
PPD,*** NO MATCH ***
VHA,*** NO MATCH ***
I2,*** NO MATCH ***
IFS,ISS FACILITY SERVICE,I FLEX SOLUTIONS
MBA,*** NO MATCH ***
GAP,*** NO MATCH ***
PPR,*** NO MATCH ***
FAO,*** NO MATCH ***
MBT,MAHINDRA BRITISH TEL
FAA,FEDERAL AVIATION ADM
MBS,MISYS BANKING SYSTEM,MICROSOFT BUSINESS S
UTC,*** NO MATCH ***
H3G,*** NO MATCH ***
MTS,*** NO MATCH ***
UTI,*** NO MATCH ***
MTV,*** NO MATCH ***
IT,IMPERIAL TOBACCO,INTELIG TELECOMUNICA,INTRASPHERE TECHNOLO,INTER TEL,INFOSYS TECHNOLOGIES,I2 TECHNOLOGIES,INTEGRA TELECOM,INTERNATIONAL TRADE,INTERMEC TECHNOLOGIE,INTELIG TELECOM,IONA TECHNOLOGIES,INTERNATIONAL TRUCK,INFORMATION TECHNOLO,INFINEON TECHNOLOGIE,I2 TECHNOLOGIES,INFOSYS TECHNOLOGIES
UTS,*** NO MATCH ***
MTI,MICRON TECHNOLOGY I
MTN,*** NO MATCH ***
MTC,*** NO MATCH ***
JCI,JOHNSON CONTROLS INC,JOHNSON CONTROLS IN
IF,INTERNATIONAL FEDERA,I FLEX,INTERNATIONAL FLAVOR,IBM FRANCE,INTERNATIONAL FINANC
ART,*** NO MATCH ***
ARC,AMERICAN RED CROSS
PWC,PRICE WATERHOUSE COO
SDC,SQUARE D COMPANY
SDL,*** NO MATCH ***
LCI,LOWE'S COMPANIES IN
P&G,PROCTER & GAMBLE,PROCTOR & GAMBLE,PROCTER & GAMBLE
SDI,*** NO MATCH ***
NAB,NATIONAL AUSTRALIA B
ASG,*** NO MATCH ***
BA,BOUVET AS,BUCHANAN ASSOCIATES,BERTELSMANN AG,BASF AG,BAYER AG,BALL AEROSPACE,BRITISH AEROSPACE,BOOZ ALLEN,BRITISH ARMY,BMW AG,BELL ATLANTIC,BROOKS AUTOMATION,BOMBARDIER AEROSPACE,BRITISH AIRWAYS
ETS,*** NO MATCH ***
BI,BEZEQ INTERNATIONAL,BROTHER INTERNATIONA,BLOCKBUSTER INC,BUSINESS INTERACTIF,BELLSOUTH INTERNATIO,BOEHRINGER INGELHEIM,BLACKBOARD INC,BUSINESS INFORMATION,BUSINESS INTELLIGENC,BANCA IMI,BEYOND INTERACTIVE,BLOCKBUSTER INC,BEARINGPOINT INC,BEARINGPOINT INC,BEARINGPOINT INC,BAXTER INTERNATIONAL,BORLAND INTERNATIONA,BT INFONET,BUSINESS INTEGRATION,BLOCKBUSTER INC,BRINKER INTERNATIONA,BANCA INTESA,BANCO ITAU,BEARINGPOINT INC,BIOGEN IDEC,BOEHRINGER INGELHEIM
CCS,CHASE CARD SERVICES,CORNING CABLE SYSTEM,CIRCUIT CITY STORES,CIRCUIT CITY STORES,CSC COMPUTER SCIENCE
GSA,GENERAL SERVICES ADM
EPO,EUROPEAN PATENT OFFI
CCI,*** NO MATCH ***
CCH,*** NO MATCH ***
CCE,CLEAR CHANNEL ENTERT,COCA COLA ENTERPRISE,COCA COLA ENTERPRISE
FT,FINANCIAL TECHNOLOGI,FLARION TECHNOLOGIES,FRANCE TELECOM,FLAG TELECOM,FRANCE TELECOM,FMC TECHNOLOGIES,FRANCE TELECOM,FINANCIAL TIMES,FRANKLIN TEMPLETON,FRANCE TELECOM
DRC,DYNAMICS RESEARCH CO
BOC,BANK OF CANADA
CCA,*** NO MATCH ***
O2,*** NO MATCH ***
HBS,HARVARD BUSINESS SCH
EPA,*** NO MATCH ***
UIC,*** NO MATCH ***
NNE,*** NO MATCH ***
S1,*** NO MATCH ***
IRS,IBM RATIONAL SOFTWAR,INTERNAL REVENUE SER
BCG,BOSTON CONSULTING GR
NXP,*** NO MATCH ***
CQG,*** NO MATCH ***
TXU,*** NO MATCH ***
UCL,UNIVERSITY COLLEGE L
UBS,*** NO MATCH ***
RGA,*** NO MATCH ***
KVL,*** NO MATCH ***
FSS,*** NO MATCH ***
CTI,*** NO MATCH ***
UBC,*** NO MATCH ***
UBM,*** NO MATCH ***
TNT,*** NO MATCH ***
SFR,*** NO MATCH ***
HP,HAYMARKET PUBLISHING,HEWLETT PACKARD,HEWLETT PACKARD,HARPERCOLLINS PUBLIS,HEWLETT PACKARD,HBOS PLC,HEWLETT PACKARD,HEWLETT PACKARD,HEWLETT PACKARD
JDA,*** NO MATCH ***
CNT,*** NO MATCH ***
MWH,*** NO MATCH ***
AMI,APPLIED MATERIALS IN,APPLIED MATERIALS I
SCO,SANTA CRUZ OPERATION,SONY CORPORATION OF,SAVANNAH COLLEGE OF
SCI,STATE COMPENSATION I,STANTON CHASE INTERN
TNS,TAYLOR NELSON SOFRES
SCE,SONY COMPUTER ENTERT
AMC,AEGIS MORTGAGE CORPO
OSU,OKLAHOMA STATE UNIVE,OREGON STATE UNIVERS,OHIO STATE UNIVERSIT
AMD,ADVANCED MICRO DEVIC
SCC,SUPPLY CHAIN CONSULT,STARBUCKS COFFEE CO,SOLO CUP COMPANY,SECURE COMPUTING COR,STARBUCKS COFFEE COM
SCB,SANFORD C BERNSTEIN,STANDARD CHARTERED B
OSI,OPENWAVE SYSTEMS IN,OPENWAVE SYSTEMS INC
HIQ,*** NO MATCH ***
FPL,*** NO MATCH ***
SCT,*** NO MATCH ***
AMS,AMC MORTGAGE SERVICE,ALEXANDER MANN SOLUT
MNC,*** NO MATCH ***
SCS,SATYAM COMPUTERS SER,SINGAPORE COMPUTER S,SIRIUS COMPUTER SOLU,SSH COMMUNICATIONS S,SEQUENT COMPUTER SYS,SATYAM COMPUTER SERV
APL,*** NO MATCH ***
BDC,*** NO MATCH ***
BDO,*** NO MATCH ***
GXS,*** NO MATCH ***
UPC,US PEACE CORPS,US PEACE CORPS
TRG,THE RICHARDS GROUP,THE REGENCE GROUP,THE REVERE GROUP
TRX,*** NO MATCH ***
VA,VIRGIN ATLANTIC,VANGUARD ANIMATION,VELUX AS,VOLKSWAGEN AG,VODAFONE AUSTRALIA
APC,ANADARKO PETROLEUM C,AMERICAN POWER CONVE
UPS,US POSTAL SERVICE,US POSTAL SERVICE,UNITED PARCEL SERVIC
TRW,*** NO MATCH ***
MPG,*** NO MATCH ***
HTC,*** NO MATCH ***
MPC,MOVING PICTURE COMPA
UW,US WEST,UNITED WAY,UBS WARBURG
KCI,KPIT CUMMINS INFOSYS
UWV,*** NO MATCH ***
LRN,*** NO MATCH ***
UN,UNIVERSIDAD NACIONAL,US NAVY,US NAVY,US NAVY,UNITED NATIONS,US NAVY
MPS,MDS PHARMA SERVICES
ACC,AUSTIN COMMUNITY COL
MDA,MAGMA DESIGN AUTOMAT
IDX,*** NO MATCH ***
SUN,*** NO MATCH ***
ACI,APPLE COMPUTER INC,AMERICAN CENTURY INV,APPLE COMPUTER INC,APPLE COMPUTER INC,APPLE COMPUTER INC
IDS,*** NO MATCH ***
ACS,ALTRIA CORPORATE SER,APAC CUSTOMER SERVIC,AMERICAN CHEMICAL SO,AMERICAN CANCER SOCI
ICS,INFINITE COMPUTER SO
ACP,*** NO MATCH ***
ACT,*** NO MATCH ***
IDF,*** NO MATCH ***
IDG,INTERNATIONAL DATA G,IBM DEUTSCHLAND GMBH
NET,NETWORK EQUIPMENT TE
IDC,INTERNATIONAL DATA C,INTERACTIVE DATA COR
IDA,IBM DENMARK AS,IBM DANMARK AS
CGI,CGI GROUP INC
NN,NBC NEWS,NATIONALE NEDERLANDE,NORTEL NETWORKS,NATIONALE NEDERLANDE,NORTEL NETWORKS,NEWBRIDGE NETWORKS,NOKIA NETWORKS,NOVO NORDISK,NORTEL NETWORKS
NO,NOKIA OYJ
RBC,ROBERT BOSCH CORPORA
TEC,THERMO ELECTRON CORP
CGD,*** NO MATCH ***
BSO,*** NO MATCH ***
CNH,*** NO MATCH ***
PMC,PANASONIC MOBILE COM
NBC,*** NO MATCH ***
CGS,COMPUTER GENERATED S,CLEARY GOTTLIEB STEE
NS,NETIA SA,NETSCOUT SYSTEMS,NOMURA SECURITIES,NEDERLANDSE SPOORWEG,NICE SYSTEMS,NETIA SA,NICE SYSTEMS,NOVELLUS SYSTEMS,NETWORK SOLUTIONS,NXP SEMICONDUCTORS,NATIONAL SEMICONDUCT
PMI,PROJECT MANAGEMENT I,PMI MORTGAGE INSURAN,PHILIP MORRIS INTERN
DND,*** NO MATCH ***
GMI,GENERAL MILLS INC
DNA,*** NO MATCH ***
ADS,ADP DEALER SERVICES,ALLIED DOMECQ SPIRIT,ALLIANCE DATA SYSTEM
ADP,AUTOMATIC DATA PROCE
FEI,*** NO MATCH ***
DNV,DET NORSKE VERITAS
ADB,ADVANCED DIGITAL BRO,ACCENTURE DO BRASIL,ASIAN DEVELOPMENT BA
ADC,ABBOTT DIABETES CARE
FCI,*** NO MATCH ***
ADM,ARCHER DANIELS MIDLA
ADI,ANALOG DEVICES INC,ANALOG DEVICES INC,ANALOG DEVICES INC
MEI,*** NO MATCH ***
KZA,*** NO MATCH ***
FBI,*** NO MATCH ***
USG,*** NO MATCH ***
TWC,TAC WORLDWIDE COMPAN,THE WEATHER CHANNEL,TIME WARNER CABLE
CIA,*** NO MATCH ***
USC,UC SANTA CRUZ
USN,U S NAVY
USI,*** NO MATCH ***
MSP,*** NO MATCH ***
CIS,CONVERGYS INDIA SERV,CCC INFORMATION SERV
MSN,*** NO MATCH ***
MSI,*** NO MATCH ***
USP,*** NO MATCH ***
SKF,*** NO MATCH ***
MSD,MORGAN STANLEY DEAN
MSC,*** NO MATCH ***
MSA,MANAGEMENT SCIENCE A
ESI,EXPRESS SCRIPTS INC
DEC,DIGITAL EQUIPMENT CO,DIGITAL EQUIPMENT CO
SGS,SUTHERLAND GLOBAL SE,STANFORD GRADUATE SC,SHELL GLOBAL SOLUTIO
TP,TRADER PUBLISHING,TEVA PHARMACEUTICALS,TELENOR PAKISTAN,TNT POST,TAP PHARMACEUTICALS,TRIPLE P,THOMSON PROMETRIC,TPG POST,TAKEDA PHARMACEUTICA,TELEKOMUNIKACJA POLS,TETRA PAK,TOWERS PERRIN
SGI,SILICON GRAPHICS INC,SILICON GRAPHICS IN
CC,CLOROX COMPANY,CONSTANT CONTACT,CATAPULT COMMUNICATI,CLARIA CORPORATION,CONVERGENT COMMUNICA,CIGNA CORPORATION,CAMARGO CORREA,CORNERSTONE CONSULTI,CALICO COMMERCE,COGNEX CORPORATION,CLARK CONSULTING,CINCINNATI CHILDREN',COMPTEL CORPORATION,COMPUWARE CORP,COMEDY CENTRAL,COMCAST CORPORATION,COX COMMUNICATIONS,CDW CORPORATION,COMPUWARE CORP,CITIGROUP CORPORATE,CLEVELAND CLINIC,CTC COMMUNICATIONS,CARREKER CORPORATION,CELL C,CYPRESS COMMUNICATIO,CITIZENS COMMUNICATI,CAPITAL CONSULTING,CRAIN COMMUNICATIONS,CITI CARDS,COLLABORATIVE CONSUL,CULVER CAREERS,CALPINE CORPORATION,CERIDIAN CORPORATION,CAMBRIDGE CONSULTANT,COGENT COMMUNICATION,CENTILLIUM COMMUNICA,CONTINUOUS COMPUTING,CATHOLIC CHARITIES,CLICK COMMERCE,CBEYOND COMMUNICATIO,CORILLIAN CORPORATIO,CLARKSTON CONSULTING,COLDWATER CREEK,C COR,COSSETTE COMMUNICATI,COMPAQ COMPUTERS,CRICKET COMMUNICATIO,CABOT CORPORATION,CINTAS CORPORATION,COGNOS CORPORATION,CARRIER CORPORATION,CONCURRENT COMPUTER,CANDLE CORPORATION,CHEVRON CORPORATION,CDI CORPORATION,CROWE CHIZEK,CIENA CORPORATION,CONCORD COMMUNICATIO,CHIRON CORPORATION,CHECKFREE CORPORATIO,COMCAST CABLE,CARLSON COMPANIES,COCA COLA,CENDANT CORPORATION,COREL CORPORATION,CONVERGYS CORPORATIO,CELERANT CONSULTING,CLEAR CHANNEL,CSC CONSULTING,COMPAQ COMPUTER,COVAD COMMUNICATIONS,CHARTER COMMUNICATIO,CIRCUIT CITY,CLIFFORD CHANCE,CAPGEMINI CONSULTING,CERNER CORPORATION,COMPUWARE CORPORATIO,COCA COLA,COX COMMUNICATIONS
TI,TURBINE INC,TDC INTERNET,TEKSYSTEMS INC,TRIBUNE INTERACTIVE,TEMPLE INLAND,TIVO INC,TERADYNE INC,TERADYNE INC,TEKTRONIX INC,TEKNOLOGISK INSTITUT,TERADYNE INC,TELECOM ITALIA,TEXAS INSTRUMENTS,TELIASONERA INTERNAT,TRAVELERS INSURANCE,TATA INFOTECH,TIME INC,TYCO INTERNATIONAL,TELEFONICA ID,TERADYNE INC,TIME INC,TELECOM ITALIA,TEXAS INSTRUMENTS
TD,TROIKA DIALOG,TELIA DANMARK,TELIA DENMARK,TU DELFT,TRIBAL DDB,TECH DATA
AA,ABN AMRO,ALZHEIMER'S ASSOCIAT,ALD AUTOMOTIVE,AUDI AG,ALLIANZ AG,ALCATEL AUSTRALIA,ABT ASSOCIATES,AUDI AG,AUSTRIAN AIRLINES,AS ABOVE,ALLIANCE ATLANTIS,ABN AMRO,ADVERTISING AGENCY,AMERICAN ASSOCIATION,ABN AMRO,AS ABOVE,ACCENTURE ANDERSEN,ALASKA AIRLINES,ARTHUR ANDERSEN,AXA ADVISORS,AVENUE A,ABN AMRO,AMERICAN AIRLINES,ABN AMRO,ARTHUR ANDERSEN
DWS,DENTON WILDE SAPTE
DWP,*** NO MATCH ***
ESS,EADS SOGERMA SERVICE
ESR,*** NO MATCH ***
ICM,*** NO MATCH ***
ICL,IBM CANADA LTD,IMPERIAL COLLEGE LON,IBM CANADA LTD
ICC,*** NO MATCH ***
KLM,*** NO MATCH ***
ICA,*** NO MATCH ***
ICG,*** NO MATCH ***
HOK,*** NO MATCH ***
ICE,*** NO MATCH ***
ESC,EPICOR SOFTWARE CORP,EPIC SYSTEMS CORPORA
S&P,STANDARD & POORS,STANDARD & POOR'S
ESA,EUROPEAN SPACE AGENC
CNA,*** NO MATCH ***
ULB,*** NO MATCH ***
TNO,*** NO MATCH ***
AZ,AGIS ZORGVERZEKERING,ASTRA ZENECA
GVT,*** NO MATCH ***
ICT,*** NO MATCH ***
